"","Data Series","Total Electronic Products","Integrated Circuits","Parts Of Personal Computer","Disk Drives","Telecommunications Equipment","Consumer Electronics","Personal Computers","Parts Of Integrated Circuits","Diodes And Transistors","Non-Electronic Products","Electrical Circuit Apparatus","Electrical Machinery & Apparatus Nes"
"...1","2025 Jan","20617493","12541485.8","3268786","141364.3","1835358","327615.7","712395.6","114197.3","998036.5","7421390.1","549164.7","551034.3"
"...2","2024 Dec","20073091.7","13837270.2","1097721.3","180292.9","1706245","222186.8","1048563.7","191289.9","1168336.9","8387054.7","536918.5","592023.7"
"...3","2024 Nov","17578418","11959275","740175.1","169126.7","1769285.7","230617.4","1001302.6","125939","955551.8","7412056.1","541935.2","529174.3"
"...4","2024 Oct","17534680.7","11960916","690582","142098.7","1843742.7","249677","727536.3","116350.1","893121.6","7568869.3","551513.2","548132.7"
"...5","2024 Sep","18634247.7","11832149.2","772058.9","174186.3","1570235.1","218610.4","774114.8","111891.5","1073017.3","6890005.6","529395.4","393904.5"
"...6","2024 Aug","16591589.4","11149163.7","797209.2","185040.2","1550093.5","198446.2","948841.5","116296","1051635.1","7485205.2","551433.5","539944.8"
"...7","2024 Jul","17587660.7","11739101.5","668062.9","155126.5","1593446.1","262384.3","1213117.4","135020.1","1024024.2","7729634.4","569049.7","416231.4"
"...8","2024 Jun","15597397.2","10378740.4","785271.1","122870","1271718","172896.9","1044633.2","108908.1","1046455","6637861.7","555768.5","364659.2"
"...9","2024 May","15892236.6","10215880.6","1075581.1","167292.5","1536469.7","221280.2","991284.2","116489.9","1034956.2","7196103.6","540773.9","500971.2"
"...10","2024 Apr","17155382.3","11750773.6","775706.9","125659","1706190.8","284167.1","761676.8","150816.5","961329.3","7103834.4","503263.9","412530.8"
"...11","2024 Mar","17389483.2","10772102.1","613374.7","125920.3","1579651.1","212326.9","2117243.8","123994.7","1112716.8","7698652.9","503065.8","566386.8"
"...12","2024 Feb","14076287.6","9411604.7","653180.3","120853.4","1339542.9","183515.3","727280.8","87910.1","883418.3","6406950.4","421726.2","318464.8"
"...13","2024 Jan","17432895.9","12348941.9","525051.1","132226.9","1837616.2","230965.5","538278.9","113684.4","1121934.4","6783290","500578.1","362145.2"
"...14","2023 Dec","15382448.3","10734156.6","527586.5","154972.1","1612595.7","181013","335223.7","106777.5","1095539.4","6677515.1","465078.7","395647.7"
"...15","2023 Nov","15701129.2","10369813.3","509016.8","137862.1","1879128.9","224509.6","438387.8","109833.3","1105107.4","7047213.7","487696.2","378464.3"
"...16","2023 Oct","16382877","11379247.6","502746.5","150528.7","1845554.7","214412.6","358921.6","104236.6","1229138.6","7169028.1","534557.8","331456.9"
"...17","2023 Sep","16020180","11430214.8","483611.7","124635","1412300.3","205126.1","329904","95871.6","1270440.6","7401386.5","526386.1","364413.2"
"...18","2023 Aug","15575850.8","10974358.7","524618.3","120977.5","1335692.5","231855.9","360921","112541.1","1259561.8","6942063.3","559523.9","393193.8"
"...19","2023 Jul","15571438.2","10968137.1","489452.9","121348.9","1359944.6","211951.6","464943.6","130236.2","1246095.3","6829276","552823.4","411951.8"
"...20","2023 Jun","15288103.2","10708427.5","481379.4","130259.9","1531849.5","163505.6","382772.8","116059.7","1149282.6","6546321.6","583392.3","477880.5"
"...21","2023 May","12669662.7","8230990.9","550537.3","117342.6","1274618.3","170543.4","355587.4","113554.7","1228031.4","6951463.9","569725.4","457833.1"
"...22","2023 Apr","12463942.5","8106785.3","481505.7","151652.7","1391683.2","182235.1","395775.6","130936.7","1161324.6","5957976.9","535859.1","549973.5"
"...23","2023 Mar","14690426.6","10000728.9","515358.6","138038.9","1559673","190492.6","319323.2","153876.9","1178681.8","7009791.3","627103","443307.1"
"...24","2023 Feb","13196013.9","8653699.1","599899.6","126116.6","1524862.7","189169.5","328810.4","115549.5","1065409.6","6134505","573063.5","610213"
"...25","2023 Jan","14194061","9305729.5","539149.5","155350.3","1818481.9","189579.6","361011.9","113560.8","1097691.1","5652557.5","492483","559622.7"
"...26","2022 Dec","16076828","11386969.5","601257.1","111836.6","1509503.7","200336.1","287145.1","123096.5","1183480.8","6693628.5","551703.7","707798.9"
"...27","2022 Nov","13924709.5","8845029","664989.6","167357.4","1611826.5","252942.9","417865.3","114786","1228196.1","6478874.9","566320.6","492505.9"
"...28","2022 Oct","16192013.6","10077280","1101022.5","159988.2","1905507.4","283858.1","525142.7","112983.4","1467503.8","6573451.1","567263.8","572875.7"
"...29","2022 Sep","18741104.5","13621598.9","623938.8","192561.1","1567797.5","238289.7","478066.9","120309.9","1230098.3","7314408.4","614394.2","598108.8"
"...30","2022 Aug","17620044.6","12691435.5","661899.2","138782.8","1369013.9","203428","417314.7","133165.6","1340944.1","7034639.9","628927.5","912427.3"
"...31","2022 Jul","16129461.4","11409096.7","553766.8","131179.4","1159546.2","242243.8","513308","157231.3","1302907.9","7253770.9","596159.1","579594.2"
"...32","2022 Jun","18391102.4","13120421.3","607381.9","159797.5","1433464","263571.4","454372.7","163811.6","1589366.1","7347643.7","572389.5","732537.8"
"...33","2022 May","15832851.6","11397499.2","543748.2","144791.1","1289836.5","205420.3","348136.2","152642.5","1208873.2","6500965.3","511998.1","696887.2"
"...34","2022 Apr","17133492.7","12553004.7","608546.4","138596.9","1297861.9","215043.4","381801.9","227152.5","1082934","6601145.9","565714.3","756883.1"
"...35","2022 Mar","18528987.4","13456492.3","650673.5","163994.8","1455882.4","264213.3","487803.5","154146.5","1257656.9","6793276.6","556070.2","685951.6"
"...36","2022 Feb","15212618.9","11285292.9","582557.6","149757.6","1030557.9","176559.7","432993.5","142122.6","954410.6","5210318.4","423926.7","484152.5"
"...37","2022 Jan","16371448.8","11874602.1","694071.1","210273.5","1221290.6","226716.7","433508.1","148387","1030225.4","5767565.3","470617.7","514506.6"
"...38","2021 Dec","17891315.4","12508040.3","853137.9","201538","1589063.1","289119.5","553592","165543.4","1176066.5","6296962.2","493928.5","606421.2"
"...39","2021 Nov","16899268.1","11787389.3","915556.1","146896.4","1569924.3","305527.4","422515.6","168310","1047233.3","5812322.7","496986.2","433361.7"
"...40","2021 Oct","16058255.7","11019198.2","935626","186649.2","1382862.3","277931.8","437332.3","168386.6","1119902.3","5538554.5","480045.5","456188.7"
"...41","2021 Sep","15948987.9","11330408.3","829162.1","155315.9","1182251.9","233779.5","435274.1","163013.9","1077485.9","5103091.6","458837.4","398178"
"...42","2021 Aug","16757975.8","12226651","939475.7","147065.1","1142691.6","217099.8","437591.8","169776.7","996625.8","5311964.8","475926.4","376736.8"
"...43","2021 Jul","14892724.3","10292247.5","991476.5","208593.2","1159651.9","224176.5","368993.3","147376.3","974622.5","4823167","495603.8","377737.1"
"...44","2021 Jun","13711931.7","9570559.2","835057","159182.9","1129545.5","218083.8","307363.4","140790.1","862634.1","5196095.2","494771.2","379394.1"
"...45","2021 May","14247258.6","9778330.1","965852.3","152557.6","1363925","200808.7","283969.8","133419.2","921639.3","4904846.3","440210.3","332605.3"
"...46","2021 Apr","14664952.8","9639949.5","969448.4","170175.2","1647961.3","277617.7","337105.3","156420","943888.7","5017886.6","484220.8","385730.8"
"...47","2021 Mar","15608052.4","10703868.3","873980.3","192920.6","1592638.2","234478.6","342419.2","117739.3","1012894.2","5451178.2","481250","411085.2"
"...48","2021 Feb","12459170.7","8323639.6","822236.9","131836.7","1318126.7","226823.8","259545.8","95638.4","836199.4","4235949.9","409538.7","295607.9"
"...49","2021 Jan","13485885","8706736.2","914011","167651.5","1587891.9","262206.5","322875.5","139752.9","963099.8","4467899.6","408081","347074"
"...50","2020 Dec","13795298.6","8971599.2","837025.5","198796.1","1615720","241206.4","291165.3","134576.5","1061673.9","4994953.4","433516","362561.4"
"...51","2020 Nov","13897424.5","9312559.5","940282.7","177984.3","1442650.7","250926.8","311226.2","123345.4","934237.7","4602679.4","383654.5","331359.2"
"...52","2020 Oct","13893209.2","9642484","847156.7","208051.3","1100869.8","238812.3","303138.3","113444","997118.6","4716080.1","428649.7","335207.7"
"...53","2020 Sep","13490819.8","8988919.8","831191.5","214841.3","1157611.1","216514.2","502110.6","125900.1","1037535.3","4844091.9","449274.8","329252.8"
"...54","2020 Aug","12955753.5","8562636.2","968978.3","193477.5","1298266.3","256931.5","264318.9","120298.1","873541.3","4541096.2","415948.4","304101.9"
"...55","2020 Jul","12420421","7854598.4","994324.3","161088.6","1410755.7","241510.1","311805.7","139511.4","884330.2","4771402.9","404843.1","327404.1"
"...56","2020 Jun","12050952.9","7900944.6","777639.8","172716","1323027.8","187563.2","305171.7","104734.8","876112.8","4668551.8","400228.3","318416.2"
"...57","2020 May","10529229.3","6889526.1","786229.5","187347.3","1082963.9","177321.3","234706.3","89733","748075.1","3831734.4","397842.7","250397.3"
"...58","2020 Apr","10717228","7338745.8","626674.2","166357.7","997166.4","197411.6","213891.8","56527.1","773577.2","4236909.9","376924.6","270057.1"
"...59","2020 Mar","11242128","7808122.2","539938.8","150829.4","1014382.3","232242.8","173546.9","91479.4","818501.5","5562307.1","445794.6","276392"
"...60","2020 Feb","10710964.7","7288470.3","627814","215473.6","897472.4","302633.1","185486.4","111065.3","679393.6","5396363.7","399370.6","287578"
"...61","2020 Jan","10518935.5","6987788.6","503585.2","183540.1","1162225.3","290572.1","245133.2","103928.7","668537.7","5265531.9","430265.1","270547.2"
"...62","2019 Dec","11089184.4","7111332","500542.1","194265.4","1571956.7","271633.9","242416.9","82264.3","697018.6","6224310.2","391998.4","304397.1"
"...63","2019 Nov","11502682.9","7244715","650011.6","186279.4","1709872.4","279513.1","278514.3","69521.2","670905.6","5852105.4","441858.1","300696.5"
"...64","2019 Oct","11561667.1","7543944.1","644425.5","208171.1","1555333.6","238283.4","285719","64280.6","625899","6116713.2","459781.8","299326"
"...65","2019 Sep","10874554","7335269.5","604612.5","179538","1124805.3","227339","257635.8","69438.5","656066.2","5951637.4","417620.5","328543.4"
"...66","2019 Aug","11528855.4","7947622.8","694023.4","155557.5","1097802.2","221465","256338","66868.3","655512.9","5697637.5","468400.7","322040.4"
"...67","2019 Jul","11123494.6","7241142.6","708709.8","251188.3","1181304.5","217958.5","295668","82190.1","708969.9","5555015.2","450158.5","332299.9"
"...68","2019 Jun","9948231","6471362.2","608970.1","249653.3","1107766.7","198244.2","240144.9","44598.3","626531.2","5159324.2","494251.1","298143.1"
"...69","2019 May","10982867.7","7250980","739777.3","160268.4","1268778.1","221881","254026.7","63778.8","629110.7","5241875.7","462398.1","336959.8"
"...70","2019 Apr","10129049.8","6627301.8","726437.3","159719.1","1042154.9","216099.9","293892.4","64225.5","601153","5401532.6","518840.8","310997"
"...71","2019 Mar","10362286.2","6691462.8","819636.7","192111.5","1028480.6","218044.8","247783.7","83625.3","648870.6","5965851.3","571220.6","326490.7"
"...72","2019 Feb","9199483.7","6227596.8","688813.5","141183.7","789132.5","170499.5","257981.7","66155.9","505324.5","4383325.8","443122.9","268652.6"
"...73","2019 Jan","10870829.5","7118504.7","748597.4","195568.9","1128899.6","200277.9","296279.6","113174.1","619112.9","5290424.6","483935.8","348965.5"
"...74","2018 Dec","10293108.1","6608073.6","659980.5","206475.3","1197462.2","188945.3","290935.6","93039.4","621149.3","5677092.6","418916.1","307255.4"
"...75","2018 Nov","11544212.1","7498127.5","812719.1","176424.7","1309872","200098.4","281284.5","97680.2","619254.9","5458787.8","448016.7","331116.8"
"...76","2018 Oct","12164164.5","8098944.7","698885.7","173949.1","1447317.7","236914.8","286140","101459.8","645534.5","5797281.9","451221.4","372422.8"
"...77","2018 Sep","10528177.4","7193616.4","565722.4","168736.1","951543.9","197665.9","256859.3","93504.6","655116.5","5467986.3","467923.9","406774.7"
"...78","2018 Aug","12197839.4","8391764.1","724528.9","173205.9","1169142","223209.9","261498.7","101839.7","660754.7","5763212.1","716382.4","391219"
"...79","2018 Jul","11405298.2","7727361.7","660530.3","155974.2","1153432.3","200269.3","291805.2","104566.5","625702.4","5532574.6","588373.3","428580.9"
"...80","2018 Jun","10151826.6","6761825.3","599406.4","173773.2","928715.9","202132","243748","143562.4","657935.8","4914806.9","509404","343896.7"
"...81","2018 May","10329416.8","6730479.5","658044","161892.9","1046062.9","228233.3","259240.1","172367.8","614335.7","4566937.4","440702.2","375941.2"
"...82","2018 Apr","9818654.6","6410989.8","635203.5","154663.6","954263.2","206940.6","290535.5","123437.3","580458.5","4457682.6","454880.9","362984.3"
"...83","2018 Mar","10451254.9","6880849.2","679443.6","187928","946960.7","219639.7","254200.5","125494.4","643159.3","4682483.4","468275.9","383240.9"
"...84","2018 Feb","8550841.1","5601534.5","550845.5","143653.3","902492.6","185950.3","188067.6","96677.8","519850.5","3717406.6","376343.4","308512.6"
"...85","2018 Jan","10076997.5","6625829.7","634864.7","146432.7","1172585.9","206914.8","225857.5","100714.6","564769","4220831.4","401773.8","469218.8"
"...86","2017 Dec","9580179.7","5982787","648493.2","209415.4","1243220.1","203426.4","244564.9","87071.1","562186.3","4206043.3","366780.3","414122.5"
"...87","2017 Nov","10327622.6","6632009.7","703133.2","175804.1","1161095.7","234322.7","334223.1","107186.1","560686.3","4403455.6","362787.8","425223.6"
"...88","2017 Oct","10310030.4","6855040","715782.6","202036.2","995401.4","221246.1","251372.1","141237.3","540407.7","4179099.9","385454.5","398868.3"
"...89","2017 Sep","10461661.9","7151755.5","622694.4","223802.1","817450.4","213141.1","222149.1","113439.9","635811.4","3907306","337194.1","406558.6"
"...90","2017 Aug","11971100.3","8079770.2","683910.4","219475.2","886496.6","264642","251431","122933.9","931730.5","4385425.8","383837.7","408370.7"
"...91","2017 Jul","11928970","8258840.5","672442.2","208128.3","984485.9","251652.1","247220.2","130186.2","678512.9","3954082.3","355727.9","386385.2"
"...92","2017 Jun","10407049","6882198.6","599803.7","237738.6","953217.4","243734.2","274346","96730.8","649740.5","4011836.7","342995.8","397713.4"
"...93","2017 May","10153584.2","6683812.1","643567.8","167332.6","1030209.9","212268.3","222182.2","97474.7","640755.6","4562877.7","358055.6","438517.7"
"...94","2017 Apr","9905263.7","6683728.1","594911.1","189687.4","895396.5","210157","201916.2","99009.7","603499.5","3749760.5","324116.3","378601.8"
"...95","2017 Mar","10798234.1","7000923.1","708569.1","204810.8","1159144.9","234706.1","238896","107783.3","677721","4433103.7","357333.9","458934"
"...96","2017 Feb","8616105","5411165.7","596147.2","179478.5","855090.4","226620.2","195437.2","103679.2","654977.6","3794274.7","300197.1","413829"
"...97","2017 Jan","9866390.4","6265945.2","636901.8","190490.1","973654.2","201391.5","238964.8","133665.1","717769.2","3640584.6","291174.5","396771.1"
"...98","2016 Dec","10437189.3","6538106.6","678179.5","217568.2","1176437.3","220967.5","366435.2","136120.6","668256.4","4327084.7","346490.6","401885.3"
"...99","2016 Nov","9939507.9","6215589.9","671652.8","177902.8","1119381","246308.9","234560","125086.6","748415.9","3989792.9","334710.5","409896.7"
"...100","2016 Oct","10258478.4","6767201.9","614752.3","198313.3","1087759.7","217959.2","235233.5","110694.1","638817","3908455.2","312335.8","405300.7"
"...101","2016 Sep","9935807","6743860.5","590446.6","183729.6","766117.6","225172","245588.8","115283.2","712379.9","4276527","319740","413859.3"
"...102","2016 Aug","9879546.9","6524799.9","587610","175720.8","929528","208580.8","271746.8","125931","716114.6","4177555.4","314427.4","435267.7"
"...103","2016 Jul","9473957.4","6213192.4","502310.9","176210.4","885248","200652.8","258644.7","125909.6","759530.6","4062620.6","612340.2","414726.4"
"...104","2016 Jun","9511376.2","6146061.9","561147.4","202305.6","965069.7","207776.8","266900.3","120852.4","685329.3","4082318.8","314239.5","451797.4"
"...105","2016 May","8739853.6","5632441.4","522554.7","180179.3","809045.1","203406.4","228610","137838.2","699342.2","3648579.5","302424.6","417034.7"
"...106","2016 Apr","9588276.7","6141448.8","610542.3","186486.5","966896.8","226701.5","265867.1","130656.4","718306.2","3960179.3","305987.6","476663.8"
"...107","2016 Mar","9917504.2","6176914.4","641869.9","208627.8","1154703.4","234076.5","258866.7","114527.1","768439.6","4157277.9","312366.2","431086.4"
"...108","2016 Feb","8499320.3","5521958.9","509128.1","180196.1","853837.8","206569.3","232948.5","99659.1","614171.2","3441267.4","279633.1","410380.5"
"...109","2016 Jan","9633339","5999398.2","632619.1","191644","1072812.9","198683","301819.4","118073.6","808401.3","3650184.4","313655.2","404538"
"...110","2015 Dec","9911118.6","5822707.3","733878.2","307946.5","1200093.2","301767.3","297921.7","126548.6","774334","4348952.5","337141.7","431736.2"
"...111","2015 Nov","10060003.1","6488180.7","659611.3","191349.5","1021990.9","245224.1","285129.1","167705.3","703389.7","3834488.7","288945.2","414344"
"...112","2015 Oct","11814333.6","7730820.1","699634.5","224384.6","1295688","240170.7","288343.9","174964.7","821368.9","4091546.3","322647.6","500404.6"
"...113","2015 Sep","10546881.9","7013330.7","758608.4","240599.6","858587.5","220602","264333","141644","714795.2","3871272.1","332636.8","445731.8"
"...114","2015 Aug","9322466.6","5987993.4","668199.9","203981","910043.5","225983.3","227880.8","149794.4","621903.2","3794799","307087.1","406590.3"
"...115","2015 Jul","10073104.4","6596720.9","711914.8","220957.7","883742.1","211408.5","267580.5","181822.8","651970.6","3802845.4","348757.4","420050.4"
"...116","2015 Jun","9575270.5","6110234.9","706077.4","238707.6","920954.2","209412.1","276119.8","172988.1","608473.6","3891174.3","304983.9","418591.9"
"...117","2015 May","9477816.9","6373901.3","630135","182026.1","861805.6","182166.2","268414.9","138125.1","553193.3","3641929.2","285548.7","398769.9"
"...118","2015 Apr","10242950","6769099.7","737940.3","217258.1","1039695.3","203417.8","244972","156995.7","567965.8","3931479","350752.7","401401.5"
"...119","2015 Mar","10203213.2","6508446.8","777311.3","238277.2","1075844.3","219315.4","272114.7","133086.6","622906.6","4255716.7","342346.1","465780.9"
"...120","2015 Feb","8729792.2","5676763.4","591418.8","186972.2","964016.9","188480.1","173141","181435.6","496855.6","3226564.6","236463.3","369899.5"
"...121","2015 Jan","11380410.7","7769678.4","755968.3","212017.7","1093981.4","228467.9","264346.2","166273.3","572230.3","3842367.6","311107.4","400987.3"
"...122","2014 Dec","10327277.3","6801783.7","694410.4","219325.7","1020765.2","241884.5","254230.1","173007.9","559342.2","4013237.7","313022.7","406510.6"
"...123","2014 Nov","10060719.3","6703969.3","677232.4","204127.4","915237.1","240458.2","239595.6","201158.8","571829","3896980.9","277196.5","387204.7"
"...124","2014 Oct","10485078.8","7006297.1","709187.6","248254.9","926417.8","254728.9","215281.7","244686.3","543974.7","3702239.2","311351.3","413348.3"
"...125","2014 Sep","10254504.8","7029936.9","623050.4","210327","721126","254647.5","222501.1","288473.7","564387.3","4227474.4","332426.6","369090.8"
"...126","2014 Aug","9005646.9","5728511.3","615666.5","184318.8","702556.7","241973","198452.3","384697.8","567122.4","3727681.2","324897.2","378683.5"
"...127","2014 Jul","9514937.7","6132581.9","854115.7","169015.3","727943.4","242980.4","202561.6","289392.2","581855","3536006.1","324463.6","315674.9"
"...128","2014 Jun","9693345.3","6430840.9","660392.3","193646.4","828734.3","248546.7","226195.4","239561.6","536678.4","3931042.6","304885.9","318797.4"
"...129","2014 May","9758979.9","6499477.2","632716.9","174790.8","765345.4","257521.8","244988.9","248808.5","612913.1","3879661.6","324164.7","332556.2"
"...130","2014 Apr","10676318.6","7130265.4","830619.7","195038.6","736047.5","245457","244502.8","337259.3","640514.9","4053813.3","328935.4","361122.7"
"...131","2014 Mar","10355095","7048737.4","695842.4","177036.2","745216.7","243926.3","275404.2","312270.9","523767.9","4118327.9","354935.2","336740.5"
"...132","2014 Feb","8377588","5502077.8","596103.2","152460.8","657223.2","226148.2","238595","249617.3","471006","3293249.4","301649.4","262091.6"
"...133","2014 Jan","9236138.5","5935690.7","650124.3","152091.9","843388.6","227005.1","311555.8","320493","498021.5","3693680.1","319734.7","267619.9"
"...134","2013 Dec","9327759.6","5775682.1","708923.8","166283.4","803050.4","261619.5","317490.4","269590.1","469483.8","3723707.6","304433.2","261248.9"
"...135","2013 Nov","9514691.8","6190900.8","818004.2","189586.6","751253","266445.8","204644.7","295296.1","479143.8","4132783.3","315365.8","323055.9"
"...136","2013 Oct","11148197.1","7666850.9","771929.4","194780.8","787373.6","257587.7","223278","429768.1","498737.4","4067253.1","346994.7","323948.7"
"...137","2013 Sep","10344845.2","7193506.2","754851.7","178657.1","662506.1","248960","247392.7","288687.9","434258.7","3867563.7","334711.7","353008.4"
"...138","2013 Aug","9829947.4","6699119.3","763561.9","165626.4","704108.8","236479.9","202213.3","291736.4","439141","3824075.7","304039.8","305215.2"
"...139","2013 Jul","9551148.6","6034346.1","768073.4","191951.2","870587.2","268030.6","272787","311463.8","494043.1","3844671.2","345178.8","347364"
"...140","2013 Jun","9124886.9","5798125.2","728175.9","183054.3","927073.6","239352.2","231641.8","289723.3","423193.2","3450219.7","311223.1","321554.5"
"...141","2013 May","9590456","6337624","750989.2","169955.9","823241.9","236960.8","226851","314571.3","418168.5","5396712.5","318855.2","305875.4"
"...142","2013 Apr","9650826.2","6308092.6","762951.3","190027.5","761224.2","267523.1","273577.2","267449.1","473293.7","3997684","330199.1","345479"
"...143","2013 Mar","8704253.2","5556743","719318.8","196395.7","782262.2","280474.3","251785.5","232979","362437.2","3529938.2","316677.5","333008.2"
"...144","2013 Feb","6930745.4","4431730.5","567682","132582.3","618052.4","210554.3","188409.6","183437","327277.2","2916851.3","252488.6","268310.1"
"...145","2013 Jan","9003287.9","5804770.5","677376.4","151471.8","897029.8","257886.1","245103.7","204712.3","450618.8","3350286.5","277229.9","305128.8"
"...146","2012 Dec","8377955.2","5306028.2","668899.2","152390.2","887081.3","253608.4","220264.8","176305.7","400659.3","3150401.7","282118","272232.1"
"...147","2012 Nov","8691447.4","5778216.9","633839.3","154574.3","718591.7","240743.5","214530.5","181383.4","442765.8","3419709.5","270603.5","287192.2"
"...148","2012 Oct","8727505.2","5582953.6","720401.9","191125.3","699824.8","278804.3","241117.7","189690.7","471798.4","3671711.2","366553.8","320500.9"
"...149","2012 Sep","8604246.3","5661462.5","664954.6","172577.3","631852.9","259205.2","234699.8","180261.9","436469","3724518.9","351488.6","330265.6"
"...150","2012 Aug","7881173.1","4913610.8","655674.9","154397","627220.2","261388.2","232784.5","228651.2","439033.2","3980934.5","401697.6","330891.5"
"...151","2012 Jul","8471978.1","4980354.2","766362.1","170371.9","731631.2","267697.2","306542.1","270373.5","569490.1","3879383.7","438010.1","330285.1"
"...152","2012 Jun","8342840.6","5062476.5","772600.1","221602.2","682647.2","249137.9","300447.1","206778.8","473552.8","3806617.9","405095.9","298598.7"
"...153","2012 May","8204774.8","5023717.5","776168.3","181570.9","675293","265961.1","301227.3","178428.8","419217.5","3801278.3","400924.5","315499.1"
"...154","2012 Apr","7887021.6","4821274.4","792293.5","172052.2","584544.5","299933.2","271986.8","180705.4","412854.6","3737998.8","380863.9","303206.8"
"...155","2012 Mar","8811080.7","5496546.4","826611.3","187651.2","608671.3","297517.8","300138.2","184599.2","438004.2","3737580.8","379484.6","317139.6"
"...156","2012 Feb","8001209.5","5010453.5","737808.3","151095.4","662039.7","301061.5","238157.6","161751.5","396206.7","3521394","325171.6","328762"
"...157","2012 Jan","7679015.1","4767158.3","782964.6","103743","596527.9","257216.2","270348.1","181874.7","389190.7","3215911.1","322561.8","292133.1"
"...158","2011 Dec","8473229.5","5033138.8","902809.6","155216.2","888645","291910","293054.2","135735.1","420694.8","3620556.2","311223.6","319596.7"
"...159","2011 Nov","8539381","5377965.2","837151.7","147965.3","691401.1","299810.6","300743.5","146925.6","387060.6","3710403","363301.8","382839.4"
"...160","2011 Oct","8801814.3","5675382.1","886606.4","147538.7","607373.4","309785.6","253051.1","112429.4","443390.6","4177994.5","387764.4","361146"
"...161","2011 Sep","8714558.6","5438512.7","881163.4","126414","714173.9","340354.4","269026.5","153958.6","415521.6","3643245.4","381545.5","341888.9"
"...162","2011 Aug","8002889.3","4871263.1","766913.5","121842.7","735763.9","312740.7","228203.1","174566.2","458653.8","3532734.1","353116.7","341718.8"
"...163","2011 Jul","8175880","4972691.1","830766","111682.4","666784.3","334844.7","238085.3","189970.4","460189.4","3439906.8","387350.9","313258.3"
"...164","2011 Jun","8523038.2","5265754.7","851279","130101.3","709424","308326.5","181022.4","177974.4","547130.7","3572576.5","391769.1","327547.7"
"...165","2011 May","8352199.3","5105601.8","942277.6","115995.4","615018.4","295222.1","214626.7","188812.2","512178.5","3469091.9","349438.4","331492.6"
"...166","2011 Apr","8309761.4","5014412.8","877625.2","152976.9","701803","281773.7","176621","242862.7","488590.5","3351751.4","366446.4","295626.2"
"...167","2011 Mar","9368954.5","5647293.7","1022099.7","190629.2","773495.3","386437.6","218720.6","189824.3","552082.1","3728421.8","378441.3","322554.5"
"...168","2011 Feb","7442121.2","4727490.7","720684.4","156760.3","537353.1","307558.1","149741","141726.2","406091.2","2891629.1","281360.3","243876"
"...169","2011 Jan","9077884.9","5730775.7","913680.1","165513.7","638829","363638.6","190423.9","194085.2","521698.5","3368002.9","351740.7","308824.5"
"...170","2010 Dec","9666478.9","5214289.9","1400477","463021.1","676230.4","386938","222153.8","250108.5","636236","3571843.4","281185.7","322702.2"
"...171","2010 Nov","8734976","5306958","944774","148743.2","593244.4","378515.2","167535.1","156846.3","665292.8","3197907.2","259877.3","286508.1"
"...172","2010 Oct","9844686.2","6178647.9","1056055.2","150074.9","565146.6","396450.9","178512","134231","771910.1","3188130.4","262871.7","296575.4"
"...173","2010 Sep","9954868.7","6433147.9","961463.2","154518.7","587365.9","373188","151724.5","167686.8","750277.4","3191926.1","280067.2","305403.5"
"...174","2010 Aug","10287917.6","6438813.2","1018962.8","157563.4","572764.6","408516.8","168031.3","284332.5","847671.9","3369687.2","307123.2","299465.8"
"...175","2010 Jul","10012400.1","6259892","1020070.1","162951.9","592701.4","374044.8","164147.5","263238.7","761216.4","3376664.4","290796.3","326029.3"
"...176","2010 Jun","9558462.6","5803539.3","972203.3","160032.7","546135.8","362890.2","145386.1","414234.4","736411.5","3292754.6","251715.1","290420.7"
"...177","2010 May","8793278.8","5294459.9","925845","140131.6","487010.2","322680.1","138240.9","272412.7","832700.9","3144690.3","244257.3","280904.6"
"...178","2010 Apr","8863363.6","5321650.4","934120","146708.7","514057.4","349241","159627.4","373607.3","679912","3261501.7","272202.9","317242.6"
"...179","2010 Mar","9347744.2","5429392.1","1034279.5","171922.9","619941.2","374378.2","176919.3","305244.9","809729.8","3607625","308958.6","321681.8"
"...180","2010 Feb","7248544.4","4340338.7","787006.1","131742.8","431173.6","272642.1","123561.6","269237.5","550351.1","2593894.6","239637.6","230008.2"
"...181","2010 Jan","8661969.2","5039944.2","1044052.4","153473.4","597157","332216.8","198090.4","191483.8","698041.8","2944703.8","267621.8","236013.5"
"...182","2009 Dec","8652723","5005065.5","1024105.3","163479","557780.5","385226.6","159638.8","248109.7","672109.3","3192908.5","265589.9","254889.7"
"...183","2009 Nov","8363088.8","5032749.8","921522","169148","492029.6","347640.8","135185.1","142642.6","699784.4","2753227.1","247259.1","263187.7"
"...184","2009 Oct","8744108.6","5282262.6","1090780.4","128237.7","554694.4","352900","167024.5","200622.5","535937.1","3135764.7","289939.3","260145.2"
"...185","2009 Sep","8495987.6","5371247.9","922488.1","122749.7","498937.3","331698.4","107443","134704.5","618471.8","2980381.5","254890.6","233895"
"...186","2009 Aug","8101581.4","5091370.2","815103.7","133100.4","506283.1","342929.4","130249","143994.8","595240.3","3135068","254658.6","306685.3"
"...187","2009 Jul","7969708","4735800.2","879490.3","130104.7","652902","338791","132603.4","108674","600674.1","3334633.5","257840.5","235551.3"
"...188","2009 Jun","7243771.8","4442253.1","761094.5","115253.8","464056.8","305794.6","124423.6","102146.4","560321.6","2955734.1","220937.5","219542.6"
"...189","2009 May","7014085.7","4408457.4","703011.4","121593.6","453741.1","288500.1","124047.5","106560.6","486422.9","2879291.4","215897.2","193704.1"
"...190","2009 Apr","7122651.3","4270761.4","731033.3","129479.4","607676.6","300553.5","149181.3","82657.4","512208.9","2954362.9","205091.6","192795.4"
"...191","2009 Mar","7290104.6","4140750.7","726615.1","140889.4","797253.5","326375.7","119486.6","97643.5","566215.1","3117826.2","200856.4","197102.3"
"...192","2009 Feb","6029491.6","3519777.8","606471.9","151516.9","480404.2","256785.5","118963.1","98666.1","502504.5","2887356.6","187864.1","182644"
"...193","2009 Jan","5950038.4","3098838.6","835616.7","133094.4","535405.1","277902.8","109023.9","99370.8","555530.1","2742598.9","185124.7","161917.9"
"...194","2008 Dec","7084911.6","3461991.3","929688.9","409387","659221.5","356390.5","112344.6","116094.8","701429.1","3415491.5","226456.3","228663.2"
"...195","2008 Nov","7993868.6","4209399.2","1028759.6","196496.6","562269.1","460211.3","130369.6","196041.9","790146.3","3662730.6","284978.9","242400.7"
"...196","2008 Oct","9304951","4921327.6","1128118.4","191812","740585.4","537597.2","118961.2","171465.9","991180.7","3633573.6","297352.8","267459"
"...197","2008 Sep","10642547.6","5695775.1","1394490.5","186881.5","835100.2","611127","131363.8","248285.1","1027287.3","3513728.3","296863.6","270973.2"
"...198","2008 Aug","9593226.2","4890605","1423151.2","141019.6","817418.4","532151.7","128028.6","232561.3","961145.8","3537220.5","281098.8","254449.8"
"...199","2008 Jul","9930879.8","5186256.2","1229240.9","168201.7","903981.6","580841.5","125958.2","183285.2","1013559","3732337.9","320544.7","255211.1"
"...200","2008 Jun","9515248.9","5025795.8","1214686.2","144588.5","940205.6","525051.7","127713.1","178018.3","879319.6","3648433.6","285172.6","269484"
"...201","2008 May","9136921","4948393","1064495.4","134854.9","878425.5","507490.9","134544.8","151360.5","851294.4","3424032.7","271628.6","249397.4"
"...202","2008 Apr","9611510.5","5072911.3","1365973.9","136600.6","1015636.6","511194.4","140909","164442.5","684199.6","3539774.9","293134.1","250478.8"
"...203","2008 Mar","9370125.7","5236385","1175555.3","153931.9","840134.5","512829.3","170281","134749.4","639392.5","3480368","279999.6","233925.6"
"...204","2008 Feb","8837169.1","5060404.2","1084691.3","119395.4","812598.5","412436.8","146485","136113.9","627652.5","2895909.9","244730.8","203978.9"
"...205","2008 Jan","10351168.6","5545424.1","1341933","189720.8","1070987.4","484998.9","153037.5","241766.9","778296.4","3758877.7","329712","260308.9"
"...206","2007 Dec","9207377.7","4982702.3","1195328","146585.5","926618","417757.4","139966.1","206033.1","705775.6","3119841.9","295664.3","225777.3"
"...207","2007 Nov","9675941.8","5402772.3","1150149.5","166193.5","994497.9","478518.9","128272","178739.2","670912.1","3131026.4","277186.1","247814.2"
"...208","2007 Oct","10281574.9","5873005.7","1095137.9","158894.6","1034445.7","512589.8","123521.9","240549.2","671708.2","3175189.5","299047.9","265571"
"...209","2007 Sep","9858343","5626513.3","1152982.3","143643.4","953304.4","454234.4","117820.4","195853.1","695453.7","3157084","294041.9","261067"
"...210","2007 Aug","9995912","5369418.3","1258307","181685.1","1144947.5","459811.2","137084.5","199071.4","685520.8","3389430.4","319355.3","267002.6"
"...211","2007 Jul","9683228.4","5258658.7","1133996.6","208835.7","1103151.8","394198.1","120075.3","194722","733747.9","3717307.3","303211.7","265684.8"
"...212","2007 Jun","9625775.8","5074314.9","1301721.9","274922.8","1134563.5","397852.2","125264.7","191573.3","654721.1","3208458.4","285495.2","279878.8"
"...213","2007 May","8611032.2","4627187.4","1168984.6","210109.5","825576.2","366763.6","105014.1","183258.1","666667.1","2791969.1","259584.1","226327.4"
"...214","2007 Apr","9328872.5","4831764.6","1246458.4","235935.5","1058397.8","389152.2","118296.8","218907.2","555903.9","2942672.7","263877.9","240371.2"
"...215","2007 Mar","10001429.4","5507495.3","1184364.2","233941.1","1120496.8","431930.1","135710.8","283165.7","560992.6","3210884.1","271192.6","260470.3"
"...216","2007 Feb","8308978.9","4482652.5","1195541.9","216655","843290.9","326945.5","109812.8","207443.3","494630.8","2461989.8","231572.6","215361.2"
"...217","2007 Jan","9620917.7","5194299.1","1159665.2","228542.2","1017063.4","386099.5","139714.3","366413.4","616184.6","3194198.4","284798.5","245049"
"...218","2006 Dec","9900486.7","5398521.3","1157754.6","257361.4","1279470.6","448708.8","117928.1","165533.3","582261.3","3349070.5","255071.1","252949.5"
"...219","2006 Nov","9751995.1","5325617.4","1117770.4","287865.2","1199262.8","455541.2","114726.5","204018.6","532099.7","2937773","291927.2","280287.9"
"...220","2006 Oct","10241855.3","5666178","1171568.4","489460.6","1036116.1","465472.4","113312.9","239756.9","518441.4","2689676.6","267928.7","262957.6"
"...221","2006 Sep","10836510.8","6053561.5","1191738.2","481681.6","1148659.5","494297.8","136593.8","240028.3","562730.5","2747666.7","283849.1","278591"
"...222","2006 Aug","9819717.9","5547387.6","1175922.5","287489.1","905777.9","461731.1","128224.2","224806.2","570597.1","3196378.3","294752.2","302930.6"
"...223","2006 Jul","9142477.4","4987043.7","1366104.4","223528.9","816466.6","445832.6","104721.6","188225.9","515163.5","3009411.1","291449.4","284151.7"
"...224","2006 Jun","9742495.2","5866751.7","1025461.5","267307","864251.9","473369.1","125113.8","194464.2","486595.1","2959808.4","294965.4","275011.1"
"...225","2006 May","8720958","4994363.5","1066896.7","230527.4","765345.6","453316.7","93589.2","174060.4","501032","3226592.7","307073.3","269537.7"
"...226","2006 Apr","8813881.6","5192864.2","1023453.5","234629.5","700202.9","451902.8","97306","159501.7","494467.3","2755323.3","268929.8","264585.6"
"...227","2006 Mar","9900771.7","5636753","1169406.5","295162.4","921367.5","561017.8","119670.1","161918.8","526957.3","3095222.3","305136","285089.6"
"...228","2006 Feb","8545460.8","4746197.7","1054246.1","266417.9","826398.4","440909.2","86610.4","161154.1","471628.6","2483182.6","276577.8","243090.1"
"...229","2006 Jan","8652668","4744791.8","1183450.5","248884.2","834165.1","417177.3","93132.7","147429.9","503485.3","2319456.2","287352.3","246842.4"
"...230","2005 Dec","9689165.3","5310907.6","1047246","318364.5","1035970.1","632445.8","108561.4","197777.1","529957.9","2871268.6","273726.7","265680.2"
"...231","2005 Nov","9261457.2","5280057.7","1035066.2","300249.3","850483.7","494127.2","92288.1","181368.8","507354.4","2693936.9","253097.7","264739.4"
"...232","2005 Oct","9376926.6","5201127.7","1120991.9","257719.3","839875.1","573164","108429.2","193217.8","565318.5","2651975.6","279642.4","280019.8"
"...233","2005 Sep","8867095.2","4916244.4","1023149.2","317839.4","784706.8","516330.3","87221.5","206995.4","541989.7","2564830","268759.4","268820.3"
"...234","2005 Aug","8555906.5","4606969.5","1028346.7","246257.4","869253.2","496691.5","101569.6","253494.9","515447.5","2779845.2","277616.9","269950"
"...235","2005 Jul","8153815","4350235.5","949172.8","247069","882500.8","454840.4","99511.9","173609.5","538443.7","2651332.8","264146.2","242681.4"
"...236","2005 Jun","7772260.3","4116395.2","857403","247625","942928.6","453432","98827","103363.1","504618.7","2427721.7","268964.5","248429.3"
"...237","2005 May","7873704.4","4279269.1","801825.7","226250.3","1011640.6","467313.6","77794.9","144647.3","483736","2562777","233019","232177.8"
"...238","2005 Apr","7793255.5","3868210.8","870502","268299.4","1096007.4","534364.6","110777.2","134520.4","518966.8","2550018.4","237443.4","233584"
"...239","2005 Mar","8051421.2","4231546.1","771712.6","282119.8","1053531.7","531460","105696.9","138783.1","503856.4","2597175.5","251433","252953.5"
"...240","2005 Feb","6192306.3","3226656.7","562024.7","197034.4","800204.4","435350.6","83690.4","130822.8","419140","2134763.7","182790.3","195821.7"
"...241","2005 Jan","7005118.3","3625303.6","638403.2","242336.1","942517.4","510332.9","96035.8","118510.7","461983.7","2265660","216474.9","216424.2"
"...242","2004 Dec","7986467.4","4159427.7","741783","297324.9","1061814.9","566312.5","122819.5","136962.9","490332.6","2397277.5","237164.6","255628"
"...243","2004 Nov","7239364.6","3951878.6","668782.3","264118.4","873449.1","478912.6","91285.3","105821.5","438355.9","2000765.6","201738","215981"
"...244","2004 Oct","7834349.4","4239348.5","745767.9","343532.1","866344.4","499861.7","87174.6","120401.3","503337.8","2342287.8","216352.7","231938.9"
"...245","2004 Sep","8324372.3","4656208","717869.4","409671","811639","542666.8","107250.1","104607.7","546855.4","2365665","212989.5","245510.1"
"...246","2004 Aug","7427667.3","3888918.5","656849.6","300986.6","858000.4","525606.5","78073.1","114507","555081.6","2345909.4","216191.4","235015"
"...247","2004 Jul","7742631.7","3919280.9","705077.5","263834","1044781.4","532506.5","84665.8","142307.7","605794.4","2434013.9","230399.6","224031.8"
"...248","2004 Jun","7683472","3922708.6","634327.2","353950.8","1054242.7","529937.1","78100.3","121965.3","581088.9","2392917.5","195098.9","223836.8"
"...249","2004 May","7180029.7","3728104.1","615239.7","295414.4","926370.3","488178.8","70878.2","120396.5","540561.6","2162761.7","202587","206860.4"
"...250","2004 Apr","6953881.7","3541705.8","599525.8","301958.4","842067","539559.9","70458.8","114391.2","578341.5","2188176.3","193868.2","209540.8"
"...251","2004 Mar","7241312.2","3805877.8","639896.7","328344.6","751737.1","562041.6","74057.2","125717.9","568929.6","2304264.4","197957","232250.2"
"...252","2004 Feb","6371352.8","3281259.1","531494.2","310721.2","750964","479787.5","59697.1","114785.7","495473.9","1926235.4","183322.6","205951.4"
"...253","2004 Jan","6058207.3","3198028","519039.4","293823","646656","444980.2","57963.1","93308.6","467962.1","1846513.6","169384.7","173508.5"
"...254","2003 Dec","6754434.8","3316261.1","633983.4","372329.9","834719.4","524505.8","62699.8","108486.2","506511.1","2219388.9","190201.6","197585.6"
"...255","2003 Nov","6351493.1","3310889.7","538080.5","301537.2","669251.1","511105.4","66016.2","98906.4","459251.5","1877000.8","181306.5","185444.3"
"...256","2003 Oct","6849819.2","3474207.7","637773.8","327158.3","726170.5","507248.8","83815.4","118927.6","518099.2","2145309.9","215946.1","220487.7"
"...257","2003 Sep","6358855.9","3274728.3","590770.8","263138.5","602530.7","517919.8","79701","104826.3","490217.8","2110422.4","207971.8","211471.4"
"...258","2003 Aug","5893396.6","3025458.2","509133.1","258609.2","618911.4","431274.9","68218.7","78804","460192.7","2070073.2","195393.8","181695.6"
"...259","2003 Jul","5633068.8","2731297.5","471283.3","225209.6","625449","479557.5","67989.3","91436.2","496525.2","2037969.2","201102.8","204124.2"
"...260","2003 Jun","5391151.9","2694063","476256.1","231587.3","557214.6","462679.9","67614.4","70917","461670.7","1734682.9","171309.8","158479.6"
"...261","2003 May","5314349","2678644.1","489291.1","213086.5","490350.2","455460.1","50645.9","90751.6","464959.1","1879113.2","152600.1","170599.4"
"...262","2003 Apr","5342745.2","2791295.5","512940.2","209424.4","406446.3","482256.2","62262.2","77329.5","438727.3","1947771.4","162012.7","264899.3"
"...263","2003 Mar","5526761.6","2918562.2","510677.7","261355.2","411833.1","484259.9","77795.1","78476.4","425981.9","2008397.7","162026.9","179633.8"
"...264","2003 Feb","4565844.2","2406387.9","405503.7","199924.4","389401.8","415759.7","42865.7","54344.6","332680.4","1542221","123973.6","137767.4"
"...265","2003 Jan","5276110.2","2798284","448644.7","241883","399648.5","475681.7","56806.7","83380.7","397399.3","1880806","143153.5","149714.8"
"...266","2002 Dec","4811568.2","2655368.9","441193.9","251800.5","205268.2","449863.8","42279.3","73360.4","359448.2","1195620.4","112505","106999.7"
"...267","2002 Nov","5114670.7","2744669.9","431996.4","294362.8","224477","512095.4","36057","70473.9","379049.8","1272138.3","120920.6","121005.7"
"...268","2002 Oct","5415736.3","2752584.8","468938.7","344201.2","253311","584990.7","42401.8","95126.9","409671.4","1522705.9","131160.5","128695.7"
"...269","2002 Sep","4975798.5","2532378.4","469611.1","281307.4","256671.6","515504.7","43656.6","77972","401729.4","1285457.6","132480.9","123375.3"
"...270","2002 Aug","5114390.8","2701045.3","484756.7","269759.8","283580.6","503239.9","35434.2","72024.2","403238.2","1318163","136846","121125"
"...271","2002 Jul","4997985.6","2433969","469196.5","291915.8","314490.4","511191.8","52589.1","91017.8","379558.3","1517711.3","145969.5","115436.4"
"...272","2002 Jun","5337131.2","3072993.6","414593.4","275486.5","233001.6","445422.5","48417.3","82498.1","367004.2","1222345.8","122209.9","111460.1"
"...273","2002 May","4956014.6","2534521.2","453100","262925.5","290367.5","507157.5","47414","94257.3","366282.4","1448153.7","131332.7","114553"
"...274","2002 Apr","4927391.7","2455757.8","469131","337754","284179.4","475687.3","56852","68607.7","352174.1","1409426.6","144112.6","130888.5"
"...275","2002 Mar","5308065","2916396.6","432594.7","346735.8","300786.9","435764.3","51874.7","86030","333466.4","1476113.1","127534.4","149945.2"
"...276","2002 Feb","3990156.2","2075941","388615","236474.2","218585.9","373131","32063.9","55124.1","268071","1089692.4","114449","129560.9"
"...277","2002 Jan","4410090.3","2112837.2","467035.2","325295.1","226144.1","449344.4","51282","84963.7","269468.1","1361371.9","121777.6","163932.5"
"...278","2001 Dec","4360917.8","1947198.6","432500.9","389460","266236.3","460058.7","85786.1","152894.9","263921.6","1157510.7","117867.8","152444.5"
"...279","2001 Nov","4646970.6","2102741.8","487417.1","336350.2","279690.5","513442.1","82411.8","183324.2","268530.2","1358665.1","122618.8","179138.8"
"...280","2001 Oct","4941373.7","2255300.6","505432.1","351613.8","284965.4","554081.5","88252","144122.3","302314.5","1443782.3","131429.3","166077.1"
"...281","2001 Sep","4723077.5","2392862.6","475619.7","381162.5","236251.5","408410.7","60983.2","113976.9","264995.8","1171304.7","104834.5","151124.3"
"...282","2001 Aug","4377346.5","2030394.2","524252.9","351557.6","208144.1","456020.6","60681.8","83397.4","266355.5","1419667.6","130618","167785.9"
"...283","2001 Jul","4386569.4","2059040.3","501199.1","405302","172411.7","439900","65388.9","82236","263409.7","1355800.6","130940.6","156246.1"
"...284","2001 Jun","4924548.2","2534854.9","545375.2","470804.9","187026.5","394279.5","70329.9","77745.9","271677.6","1551053.8","124152","131121.7"
"...285","2001 May","4256292","1858742.7","559685.9","410499.3","150517.3","439532.3","56967.6","95443.5","293662.7","1387610.2","131529.8","138459.6"
"...286","2001 Apr","4490504.1","2002995.8","559518.6","475947.6","145024.6","399022.3","59062.3","82883.8","335698.9","1255600.6","128074.6","136290.4"
"...287","2001 Mar","5274433.5","2512899","592600.2","619318.2","136927.4","454021","79576.8","94820.1","306381.9","1392633.9","127252.8","141803"
"...288","2001 Feb","4560109.4","1909862","526945.4","498974.8","172149.2","424614.8","76058.3","96659.4","305935.6","1272130.4","125225.5","145793.5"
"...289","2001 Jan","4946186.9","2288171.3","552115.8","518300.2","149298","369241","58456.5","99044","352203.7","1171555.9","120989.6","147027.2"
"...290","2000 Dec","5736827.1","2610332.6","579094.1","632076.8","168713.9","463190.1","109761.6","105277.8","381452.4","1419633.8","135126.6","165766.9"
"...291","2000 Nov","5701569.4","2482933.2","575136.7","537863.8","179819.6","540875.5","107641.4","109114.4","437357.4","1443815.5","158265.5","183240.1"
"...292","2000 Oct","5844900.3","2767487","546429.8","551530.8","188846.8","516960.6","91640","109292.1","382876.5","1467277.5","151210.4","179072.2"
"...293","2000 Sep","5678564.3","2717331.6","579765.2","527354.8","185747.8","475127.8","95387.8","112643.2","418041.3","1359071.6","154904.6","173657.3"
"...294","2000 Aug","5476277.4","2685473.5","498127.2","425470.2","201525.4","475851.6","70753.9","112882.1","460577.9","1428207.3","156046.7","155505.7"
"...295","2000 Jul","4853687.1","2146768.6","463512.8","501592.3","169372.1","456754.8","66372.5","93875","454410.6","1356965.4","145385.9","142675.5"
"...296","2000 Jun","4620558.2","1975358.1","438299.7","476252","137483.1","464570","60821.8","86945.2","474730.8","1372295.4","136799.7","143352.7"
"...297","2000 May","4541852.9","1977059.1","425737","442150.6","153748.6","445240.8","46052.4","86612.1","476288.9","1429955.9","133448.8","133991"
"...298","2000 Apr","4188000.2","1837184.3","403693.1","407162.4","118393.1","408969.4","57572.1","94507.6","438436","1313844.7","123359.2","127301.1"
"...299","2000 Mar","4582359.4","1910503","469741","513541.9","136540.1","444308.8","50537.9","117495.9","471608.9","1380927.1","127130.4","118280.7"
"...300","2000 Feb","3717967.8","1606547.2","362709","333695.5","148545.4","388380.1","36326.7","93097.2","374837.7","1067005.8","107009.7","106135.3"
"...301","2000 Jan","3360665.5","1491088.6","302194","266356","134183.2","373242","29274.2","97777.9","323739.3","1079688.3","113439.5","108548.7"
"...302","1999 Dec","4272295.4","1716064","425120.9","415658","184275.7","477894.8","58497.5","122997.1","419221.5","1202161.8","151092.5","131358.2"
"...303","1999 Nov","3728117.4","1580952.6","334393.8","325073.6","174443.9","462466.3","53061.5","98797.2","321596.3","1147330.6","118933.6","131029.4"
"...304","1999 Oct","3545452.5","1442441.9","316982","308732.7","127656.4","462781.2","42411.3","95895.9","357197.8","1218727.3","132944.6","115703.8"
"...305","1999 Sep","3754001.7","1500279","312458.6","352414.3","123237.1","481711.1","46301.1","93031.5","396632.6","1131354.9","121420.8","115367.6"
"...306","1999 Aug","3250301.4","1253661","294539.4","294853.7","91831.9","432701.2","49098.7","84862.4","339195.6","1090799","110922","107710.8"
"...307","1999 Jul","3194274.9","1265210","276137.2","359775","138471.1","400895.9","54505.3","38756.6","289328.3","1164785.3","119720.9","106297.6"
"...308","1999 Jun","3358392.5","1333675.3","292786.2","441953.2","144479.6","416537.4","59512.2","45159.2","253534.6","1216580.5","112259.5","107660"
"...309","1999 May","2976779.3","1222060.6","303776.2","281975.5","96561.7","372627.1","55470.2","46712.7","247197.4","1081880.3","95369.2","94418.7"
"...310","1999 Apr","3004349.3","1189940.3","337107.8","326812.5","107640","355329.6","61018.6","31354","220585.5","1162661.2","101115.8","95104.4"
"...311","1999 Mar","3191876.2","1216290","364488.7","334125.9","88750.3","458183.5","83951.1","30549.2","217258.2","1136575.7","95088.5","97428.6"
"...312","1999 Feb","2412545.6","878999.9","264193.8","240742.9","84019.1","351404.2","64188.9","30192.1","192162.5","869218.2","75105.9","76253.8"
"...313","1999 Jan","2407844.3","877645.1","260186.3","220077.3","89114.5","342154.8","89610.4","36386.7","195598.4","864322","75053.5","70458.7"
